Building and Floor,,Location,Bin Type ,,,,Still Left
WSC,,,,,,,
,Basement,Shipping/Receiving,Toter,,,,
,,,Glass,,,,
,,,Cardboard,,,,
,,Mail Room,Toter,,,,
,,,Cardboard,,,,
,,Cellar,Toter 1,,,,
,,,Toter 2,,,,
,1st Floor,Diversions,Toter ,,,,
,2nd Floor,Elevator,Toter,,,,
,,,Glass,,,,
,,ASUPS ,Toter,,,,
Jones,,,,,,,
,Basement,Recycling Station,Toter 1,,,,
,,,Toter 2,,,,
,,,Toter 3,,,,
,,,Toter 4,,,,
,,,Cardboard,,,,
,,,Glass,,,,
,1st Floor,Staff Kitchennette,Glass,,,,
,2nd Floor,Hallway- North ,Toter 1,,,,
,,,Toter 2,,,,
,,Hallway- South ,Toter 1,,,,
,,,Glass,,,,
Howarth ,,,,,,,
,Basement,Hallway,Toter,,,,
,,,Glass,,,,
,1st Floor,Elevator Alcove,Toter,,,,
,,,Glass ,,,,
,2nd Floor ,Elevator Alcove,Toter ,,,,
,,,Glass,,,,
,3rd Floor,East Stairwell,Toter,,,,
McIntyre ,,,,,,,
,Basement,Central Stairwell,Toter,,,,
,,,Glass,,,,
,1st Floor,Vending Maching,Toter,,,,
,,,Glass,,,,
,2nd Floor ,Central Stairwell,Toter,,,,
,,,Glass,,,,
,3rd Floor,Central Hallway,Toter,,,,
,,,Glass,,,,
Library,,,,,,,
,Basement,Break Zone,Toter,,,,
,,,Glass,,,,
,,Microfilms,Toter,,,,
,,Technology Services,Toter,,,,
,,,Styrofoam,,,,
,1st Floor,Main Entrance,Toter,,,,
,,,Glass,,,,
,,Northern Elevator,Toter,,,,
,,,Glass,,,,
,,Bindary ,Toter 1,,,,
,,,Toter 2,,,,
Music,,,,,,,
,Basement,Locker Area,Toter ,,,,
,,,Glass,,,,
,1st Floor,Room No 104,Toter,,,,
,2nd Floor ,Hallway- South ,Toter,,,,
,,,Glass,,,,
,3rd Floor,Hallway- South ,Barrel,,,,
Thompson/Harned ,,,,,,,
,1st Floor,Loading Dock,Cardboard,,,,
,,Oppenheimer,Toter 1,,,,
,,,Toter 2,,,,
,,,Glass 1,,,,
,,,Glass 2,,,,
,,SE Corner ,Toter,,,,
,,,Glass,,,,
,,,Cardboard,,,,
,,SW Corner,Toter,,,,
,,,Glass,,,,
,,NW Corner,Toter ,,,,
,,,Glass,,,,
,,NE Corner,Toter Glass,,,,
,2nd Floor,SE Corner,Toter,,,,
,,,Glass,,,,
,,SW Corner,Toter,,,,
,,,Glass,,,,
,,NW Corner,Toter ,,,,
,,,Glass,,,,
,,NE Corner,Toter Glass,,,,
,3rd Floor,SE Corner,Toter,,,,
,,,Glass,,,,
,,SW Corner,Toter,,,,
,,,Glass,,,,
,,NW Corner,Toter ,,,,
,,,Glass,,,,
,,NE Corner,Toter Glass,,,,
,4th Floor,Hallway- Central ,Toter,,,,
,,,Glass,,,,
Wyatt,,,,,,,
,1st Floor,Hallway- Central ,Toter,,,,
,,,Glass,,,,
,2nd Floor,Hallway- Central ,Toter,,,,
,,,Glass,,,,
,3rd Floor,Hallway- Central ,Toter,,,,
,,,Glass,,,,
Warner Gym ,,,,,,,
,Outside,North Entrance,Toter,,,,
,,,Glass,,,,
Baker Stadium,,,,,,,
,Outside,East End of Bleachers,Toter 1,,,,
,,,Toter 2,,,,
Fieldhouse,,,,,,,
,1st Floor,Tennis Annex,Toter,,,,
,,Fitness Center,Toter,,,,
,,,Glass,,,,
,,Main Entrance- East,Toter,,,,
,,,Glass,,,,
,,Main Entrance- West,Toter,,,,
,,,Glass,,,,
,,Concession Stand,Toter,,,,
,,,Glass,,,,
,2nd Floor,West Hallway,Toter 1,,,,
,,,Toter 2,,,,
,,,Glass,,,,
,,East Hallway- South ,Toter,,,,
,,,Glass,,,,
,,East Hallway- North,Toter,,,,
,,,Glass ,,,,
Weyerhauser,,,,,,,
,3rd floor,Under stairway,Toter ,,,,
,,,Glass ,,,,
Langlow,,,,,,,
,Outside,Parking lot by basement stairwell,Toter ,,,,
,,,Glass ,,,,
Kittredge ,,,,,,,
,Outside,East Entrance,Toter ,,,,
,,,Toter 2,,,,
Expeditionary,,,,,,,
,Outside,NW Entrance,Toter ,,,,
,,,Glass,,,,
Communications 1,,,,,,,
,Outside,N Entrance,Toter ,,,,
,,,Glass ,,,,
Communications 2,,,,,,,
,Outside,NW Entrance,Toter ,,,,
,,,Toter 2,,,,
,,,Glass,,,,
C.I.A.C.,,,,,,,
,Outside,N Entrance,Toter,,,,
,,,Glass,,,,
Student Div.,,,,,,,
,Outside,N Entrance,Toter,,,,
,,,,,,,
Student Dev.,,,,,,,
,Outside,N Entrance,Toter ,,,,
Security,,,,,,,
,Outside,S (back) Entrance,Toter ,,,,
,,,Toter 2,,,,
,,,Glass,,,,
Schiff,,,,,,,
,Outside,Breezeway ,Slim,,,,
,,,Slim 2,,,,
,Basemet,Center,Slim,,,,
,,,Glass,,,,
,1st Floor,Center,Slim,,,,
,,,Glass,,,,
,2nd Floor,Center,Slim,,,,
,,,Glass,,,,
,3rd Floor,Center,Slim,,,,
,,,Glass,,,,
Harrington,,,,,,,
,Basemet,Center,Slim,,,,
,,,Glass,,,,
,1st Floor,Center,Slim,,,,
,,,Glass,,,,
,2nd Floor,Center,Slim,,,,
,,,Glass,,,,
,3rd Floor,Center,Slim,,,,
,,,Glass,,,,
University ,,,,,,,
,Basemet,Center,Slim,,,,
,,,Glass,,,,
,1st Floor,Center,Slim,,,,
,,,Glass,,,,
,2nd Floor,Center,Slim,,,,
,,,Glass,,,,
,3rd Floor,Center,Slim,,,,
,,,Glass,,,,
Smith,,,,,,,
,Outside,Breezeway ,Slim,,,,
,,,Slim 2,,,,
,Basemet,Center,Slim,,,,
,,,Glass,,,,
,1st Floor,Center,Slim,,,,
,,,Glass,,,,
,2nd Floor,Center,Slim,,,,
,,,Glass,,,,
,3rd Floor,Center,Slim,,,,
,,,Glass,,,,
Greek Outside,,,,,,,
,SAE,Back Entrance,Toter ,,,,
,,,Toter 2,,,,
,,,Glass,,,,
,Phi Delt,Parking Lot,Toter ,,,,
,,,Toter 2,,,,
,,,Glass,,,,
,Sigma Chi,W Entrance,Toter ,,,,
,,,Toter 2,,,,
,,Main Entrance,Glass,,,,
,Transfer,W Entrance,Toter ,,,,
,,,Toter 2,,,,
,,,Glass,,,,
,Pi Phi,N Entrance,Toter ,,,,
,,,Toter 2,,,,
,,,Glass,,,,
,G Phi,W Entrance,Toter ,,,,
,,,Toter 2,,,,
,,,Glass,,,,
,Theta,Front Walkway,Toter ,,,,
,,,Toter 2,,,,
,,,Glass,,,,
,A Phi,E Entrance,Toter ,,,,
,,,Toter 2,,,,
,,,Glass,,,,
Greek Inside,,,,,,,
,SAE,,,,,,
,Basement,South Wall,Slim,,,,
,1st floor,Front Room,Slim,,,,
,2nd Floor,Hallway,Slim,,,,
,3rd Floor,Hallway,Slim,,,,
,Sigma Chi,,,,,,
,Basement,Landing,Slim,,,,
,,,Glass,,,,
,1st floor,Foyer,Slim,,,,
,,,Glass,,,,
,2nd Floor,Landing,Slim,,,,
,,,Glass,,,,
Pres. Garage,,,,,,,
,Inside,,Toter,,,,
,,,Glass,,,,
Seward,,,,,,,
,Basement,Center,Slim,,,,
,,,Glass,,,,
,1st Floor,Laundry ,Slim,,,,
,,,Glass,,,,
,2nd Floor,Laundry,Slim,,,,
,,,Glass,,,,
,3rd Floor,Laundry,Slim,,,,
,,,Glass,,,,
,4th Floor,Laundry,Slim,,,,
,,,Glass,,,,
Regester,,,,,,,
,Breezeway,,Slim,,,,
,,,Slim 2,,,,
,Basement,Lounge,Slim,,,,
,,,Glass,,,,
,1st Floor,Trash Closet,Slim,,,,
,,,Glass,,,,
,2nd Floor,Trash Closet,Slim,,,,
,,,Glass,,,,
,3rd Floor,Trash Closet,Slim,,,,
,,,Glass,,,,
Trimble,,,,,,,
,1st Floor,W Entrance,Toter,,,,
,,,Toter 2,,,,
,,,Glass,,,,
,,E Entrance,Toter,,,,
,,,Toter 2,,,,
,,,Glass,,,,
,2nd Floor,Trash Closet,Slim,,,,
,,,Glass,,,,
,,Trash Closet 2,Slim,,,,
,,,Glass,,,,
,3rd Floor,Trash Closet,Slim,,,,
,,,Glass,,,,
,,Trash Closet 2,Slim,,,,
,,,Glass,,,,
,Basement,Kitchen,Slim,,,,
,,,Glass,,,,
TP,,,,,,,
,1st Floor,S Entrance,Toter,,,,
,,,Toter 2,,,,
,,,Glass,,,,
,,,Glass 2,,,,
,,N Entrance,Toter,,,,
,,,Toter 2,,,,
,,,Glass,,,,
,2nd Floor,Trash Closet,Slim,,,,
,,,Glass,,,,
,3rd Floor,Trash Closet,Slim,,,,
,,,Glass,,,,
,Basement,Trash Closet,Slim,,,,
,,,Glass,,,,
AL,,,,,,,
,1st Floor,S Entrance,Toter,,,,
,,,Glass,,,,
,,Center,Slim,,,,
,,,Glass,,,,
,,N Entrance,Toter,,,,
,,,Toter 2,,,,
,,,Glass,,,,
,2nd Floor,Center,Slim,,,,
,,,Glass,,,,
,3rd Floor,Center,Slim,,,,
,,,Glass,,,,
,Basement,Center,Slim,,,,
,,,Glass,,,,
Copy Service,,,,,,,
,Outside,S Entrance,Toter,,,,
,,,Toter 2,,,,
,,,Glass,,,,
Phone-a-thon,,,,,,,
,Outside,N Entrance,Toter,,,,
Student Media,,,,,,,
,Outside,Driveway,Toter,,,,
NIWA,,,,,,,
,Outside,W Entrance,Toter,,,,